{"timestamp": "2021-07-31 00:04:05", "name": "Cribbage - Dev Edition", "version": "0.0.1", "summary": {"gamesPlayed": 100, "durationAvg": 0.037210018634796144, "durationTotal": 3.7210018634796143, "roundsAvg": 92.35, "roundsMin": 83, "roundsMax": 103, "roundsStd": 3.9730785966745654, "playerWinPerc": [0.55, 0.45], "playerMin": [114, 110], "playerMax": [122, 123], "playerAvg": [118, 116.5], "playerStd": [5.656854249492381, 9.192388155425117]}, "notes": "Full random play. Only score go and 31", "players": 2, "rules": {"cardsDealt": 6, "handSize": 4, "muggins": false, "startingScore": 0, "winningScore": 121, "countTarget": 31}, "settings": {"difficulty": "random", "consoleLogging": 0, "fileLogging": false, "devMode": false, "games": 1}, "game": [1, 2, 3, 4, 5, 6, 7, 8, 9, 10, 11, 12, 13, 14, 15, 16, 17, 18, 19, 20, 21, 22, 23, 24, 25, 26, 27, 28, 29, 30, 31, 32, 33, 34, 35, 36, 37, 38, 39, 40, 41, 42, 43, 44, 45, 46, 47, 48, 49, 50, 51, 52, 53, 54, 55, 56, 57, 58, 59, 60, 61, 62, 63, 64, 65, 66, 67, 68, 69, 70, 71, 72, 73, 74, 75, 76, 77, 78, 79, 80, 81, 82, 83, 84, 85, 86, 87, 88, 89, 90, 91, 92, 93, 94, 95, 96, 97, 98, 99, 100], "duration": [0.04049968719482422, 0.036499977111816406, 0.03600001335144043, 0.03900003433227539, 0.03800034523010254, 0.03600001335144043, 0.037499427795410156, 0.036499977111816406, 0.03800010681152344, 0.03599905967712402, 0.04000043869018555, 0.03700065612792969, 0.03550004959106445, 0.03949880599975586, 0.037500858306884766, 0.03699970245361328, 0.0364995002746582, 0.037000417709350586, 0.03599953651428223, 0.03750014305114746, 0.035500526428222656, 0.03849983215332031, 0.03750014305114746, 0.03849983215332031, 0.036499738693237305, 0.039999961853027344, 0.03500056266784668, 0.040999650955200195, 0.03299975395202637, 0.03500008583068848, 0.03699994087219238, 0.037999868392944336, 0.037000417709350586, 0.037999629974365234, 0.03800058364868164, 0.03849935531616211, 0.03550004959106445, 0.036502838134765625, 0.03350019454956055, 0.03949737548828125, 0.03550291061401367, 0.03549671173095703, 0.03699994087219238, 0.03700137138366699, 0.03800153732299805, 0.03850102424621582, 0.03899884223937988, 0.03750038146972656, 0.034999847412109375, 0.03650021553039551, 0.03600049018859863, 0.03849935531616211, 0.03999733924865723, 0.03850293159484863, 0.04099702835083008, 0.039000749588012695, 0.03950238227844238, 0.03699660301208496, 0.038501739501953125, 0.03549838066101074, 0.037000417709350586, 0.03399991989135742, 0.038999319076538086, 0.03500008583068848, 0.037000179290771484, 0.034999847412109375, 0.034000396728515625, 0.03600001335144043, 0.03699970245361328, 0.037999868392944336, 0.03550004959106445, 0.03800344467163086, 0.036499977111816406, 0.034999847412109375, 0.036499977111816406, 0.03699946403503418, 0.03750038146972656, 0.037999629974365234, 0.03500032424926758, 0.04149985313415527, 0.038497209548950195, 0.03849983215332031, 0.03550004959106445, 0.038500070571899414, 0.04450035095214844, 0.036499977111816406, 0.0345001220703125, 0.034500837326049805, 0.03799843788146973, 0.0370030403137207, 0.0410006046295166, 0.03599953651428223, 0.03350257873535156, 0.03449821472167969, 0.03949999809265137, 0.03699970245361328, 0.03550004959106445, 0.0364995002746582, 0.037500858306884766, 0.038999319076538086], "winner": [1, 0, 1, 1, 1, 0, 1, 0, 0, 1, 0, 0, 1, 0, 0, 1, 1, 0, 1, 1, 1, 1, 0, 0, 1, 0, 1, 1, 0, 0, 1, 0, 0, 1, 1, 1, 0, 0, 0, 0, 1, 0, 1, 0, 1, 0, 0, 1, 0, 0, 1, 0, 1, 0, 1, 1, 0, 1, 0, 1, 0, 0, 1, 1, 1, 0, 0, 0, 0, 1, 0, 1, 1, 1, 0, 0, 1, 0, 1, 1, 0, 1, 1, 0, 1, 0, 0, 0, 0, 0, 0, 0, 0, 0, 0, 0, 1, 1, 0, 0], "rounds": [96, 90, 89, 96, 95, 90, 94, 92, 96, 90, 100, 92, 89, 99, 93, 93, 92, 92, 90, 93, 89, 91, 93, 96, 91, 91, 88, 102, 83, 89, 93, 94, 93, 96, 95, 96, 89, 92, 84, 99, 89, 88, 92, 92, 95, 94, 97, 93, 87, 90, 89, 96, 92, 93, 97, 95, 98, 94, 96, 90, 92, 86, 98, 88, 93, 88, 86, 91, 93, 96, 89, 94, 90, 89, 90, 92, 93, 95, 88, 99, 96, 97, 89, 97, 88, 91, 86, 87, 95, 92, 103, 91, 83, 86, 98, 93, 89, 92, 92, 98], "scores": [[114, 122], [123, 110], [107, 121], [117, 121], [114, 121], [121, 103], [117, 121], [121, 104], [123, 119], [109, 121], [121, 119], [121, 103], [100, 121], [121, 120], [122, 111], [114, 122], [108, 124], [122, 107], [100, 123], [114, 121], [106, 121], [108, 122], [122, 115], [121, 114], [110, 121], [122, 105], [104, 121], [121, 121], [121, 105], [121, 94], [112, 121], [122, 120], [121, 113], [118, 122], [119, 122], [116, 121], [122, 111], [122, 112], [121, 95], [121, 119], [109, 122], [123, 104], [98, 122], [122, 101], [113, 122], [121, 108], [122, 119], [107, 122], [121, 104], [121, 107], [116, 121], [121, 111], [110, 121], [122, 105], [117, 121], [114, 122], [121, 118], [108, 122], [121, 120], [112, 121], [121, 109], [121, 98], [120, 121], [107, 121], [109, 122], [122, 108], [123, 94], [121, 110], [121, 107], [120, 122], [121, 112], [117, 122], [120, 122], [105, 121], [121, 116], [121, 105], [119, 123], [122, 115], [109, 121], [119, 122], [121, 119], [112, 122], [107, 121], [121, 117], [106, 121], [121, 118], [122, 104], [121, 103], [121, 119], [121, 107], [122, 120], [121, 114], [121, 86], [121, 102], [122, 116], [122, 105], [103, 121], [115, 121], [121, 111], [122, 118]]}
{"timestamp": "2021-07-31 00:07:41", "name": "Cribbage - Dev Edition", "version": "0.0.2", "summary": {"gamesPlayed": 100, "durationAvg": 0.032324984073638915, "durationTotal": 3.2324984073638916, "roundsAvg": 80.4, "roundsMin": 69, "roundsMax": 87, "roundsStd": 3.39934634239519, "playerWinPerc": [0.52, 0.48], "playerMin": [107, 118], "playerMax": [121, 122], "playerAvg": [114, 120], "playerStd": [9.899494936611665, 2.8284271247461903]}, "notes": "Full random play. Only score go, 15 and 31", "players": 2, "rules": {"cardsDealt": 6, "handSize": 4, "muggins": false, "startingScore": 0, "winningScore": 121, "countTarget": 31}, "settings": {"difficulty": "random", "consoleLogging": 0, "fileLogging": false, "devMode": false, "games": 1}, "game": [1, 2, 3, 4, 5, 6, 7, 8, 9, 10, 11, 12, 13, 14, 15, 16, 17, 18, 19, 20, 21, 22, 23, 24, 25, 26, 27, 28, 29, 30, 31, 32, 33, 34, 35, 36, 37, 38, 39, 40, 41, 42, 43, 44, 45, 46, 47, 48, 49, 50, 51, 52, 53, 54, 55, 56, 57, 58, 59, 60, 61, 62, 63, 64, 65, 66, 67, 68, 69, 70, 71, 72, 73, 74, 75, 76, 77, 78, 79, 80, 81, 82, 83, 84, 85, 86, 87, 88, 89, 90, 91, 92, 93, 94, 95, 96, 97, 98, 99, 100],